model_name,f1_score,f1_macro,recall,precision,accuracy,roc_auc,best_cv_score,training_time,best_params
LightGBM_Optimized,0.8979007185460011,0.6415410385259631,0.2777777777777778,0.4166666666666667,0.9065420560747663,0.7913832199546486,0.9679467288321201,2121.414351463318,"{'learning_rate': 0.2, 'max_depth': 6, 'min_child_samples': 10, 'n_estimators': 500, 'num_leaves': 63, 'scale_pos_weight': 2, 'subsample': 0.8}"
CatBoost_Optimized,0.888046201993913,0.6224012274645186,0.2777777777777778,0.3333333333333333,0.8925233644859814,0.780328798185941,0.9576566919279358,620.3881878852844,"{'depth': 8, 'iterations': 500, 'l2_leaf_reg': 1, 'learning_rate': 0.05, 'scale_pos_weight': 2}"
RandomForest_Optimized,0.888046201993913,0.6224012274645186,0.2777777777777778,0.3333333333333333,0.8925233644859814,0.808673469387755,0.9499762773507486,285.15633749961853,"{'max_depth': 20, 'max_features': 'sqrt', 'min_samples_leaf': 1, 'min_samples_split': 2, 'n_estimators': 300}"
XGBoost_Optimized,0.8848365951058065,0.6166019707375336,0.2777777777777778,0.3125,0.8878504672897196,0.8100907029478458,0.9596056023682408,371.32699370384216,"{'colsample_bytree': 1.0, 'learning_rate': 0.1, 'max_depth': 8, 'min_child_weight': 1, 'n_estimators': 500, 'scale_pos_weight': 2, 'subsample': 0.9}"
